{"cameraMode":{"drawMode":0,"name":"Shaded","section":"Shading Mode"},"sceneLighting":false,"audioPlay":false,"sceneViewState":{"m_AlwaysRefresh":false,"showFog":true,"showSkybox":false,"showFlares":true,"showImageEffects":true,"showParticleSystems":true,"showVisualEffectGraphs":true,"m_FxEnabled":true},"in2DMode":false,"pivot":{"x":1.1339613199234009,"y":1.4985432624816895,"z":1.6816234588623047},"rotation":{"x":0.01646941527724266,"y":-0.9835196137428284,"z":0.12939031422138215,"w":0.12519243359565736},"size":0.021662728860974313,"orthographic":false}