{"cameraMode":{"drawMode":0,"name":"Shaded","section":"Shading Mode"},"sceneLighting":false,"audioPlay":false,"sceneViewState":{"m_AlwaysRefresh":false,"showFog":true,"showSkybox":false,"showFlares":true,"showImageEffects":true,"showParticleSystems":true,"showVisualEffectGraphs":true,"m_FxEnabled":true},"in2DMode":false,"pivot":{"x":1.0753134489059449,"y":0.9871767163276672,"z":1.70956289768219},"rotation":{"x":0.004687582142651081,"y":0.9947378039360046,"z":-0.08705735206604004,"w":0.05318876728415489},"size":1.0313853025436402,"orthographic":false}