{"cameraMode":{"drawMode":0,"name":"Shaded","section":"Shading Mode"},"sceneLighting":false,"audioPlay":false,"sceneViewState":{"m_AlwaysRefresh":false,"showFog":true,"showSkybox":false,"showFlares":true,"showImageEffects":true,"showParticleSystems":true,"showVisualEffectGraphs":true,"m_FxEnabled":true},"in2DMode":false,"pivot":{"x":-0.16381466388702393,"y":0.7072166800498962,"z":0.03721556067466736},"rotation":{"x":-0.255010724067688,"y":-0.6578319072723389,"z":0.25349369645118716,"w":-0.6617773175239563},"size":1.5286674499511719,"orthographic":false}