{"cameraMode":{"drawMode":0,"name":"Shaded","section":"Shading Mode"},"sceneLighting":false,"audioPlay":false,"sceneViewState":{"m_AlwaysRefresh":false,"showFog":true,"showSkybox":false,"showFlares":true,"showImageEffects":true,"showParticleSystems":true,"showVisualEffectGraphs":true,"m_FxEnabled":true},"in2DMode":false,"pivot":{"x":2.7012805938720705,"y":1.3225116729736329,"z":-0.4821964502334595},"rotation":{"x":-0.17504319548606873,"y":0.7073207497596741,"z":-0.18801385164260865,"w":-0.6585476994514465},"size":0.005027145612984896,"orthographic":false}